Workbook

Sheet SLA Dashboard
A1: EP01 SLA EXECUTIVE DASHBOARD
A3: อัปเดตอัตโนมัติจากชีต Action Items & SLA
A5: Total Actions =COUNTA('Action Items & SLA'!B2:B18) | C5: Completed =COUNTIF('Action Items & SLA'!J2:J18,"Completed") | E5: On Track =COUNTIF('Action Items & SLA'!J2:J18,"On Track") | G5: At Risk =COUNTIF('Action Items & SLA'!J2:J18,"At Risk") | I5: Overdue + Escalated =COUNTIF('Action Items & SLA'!J2:J18,"Overdue")+COUNTIF('Action Items & SLA'!J2:J18,"Escalated")
A11: SLA Status | B11: Count | D11: Priority | E11: Total | F11: Open | H11: Executive Indicator | I11: Value
A12: Completed | B12: =COUNTIF('Action Items & SLA'!J2:J18,A12) | D12: P1 | E12: =COUNTIF('Action Items & SLA'!A2:A18,D12) | F12: =COUNTIFS('Action Items & SLA'!A2:A18,D12,'Action Items & SLA'!I2:I18,"<>Completed") | H12: SLA Compliance % | I12: =IF(B5=0,0,(B13+B14+B15)/B5)
A13: On Track | B13: =COUNTIF('Action Items & SLA'!J2:J18,A13) | D13: P2 | E13: =COUNTIF('Action Items & SLA'!A2:A18,D13) | F13: =COUNTIFS('Action Items & SLA'!A2:A18,D13,'Action Items & SLA'!I2:I18,"<>Completed") | H13: Open P1 | I13: =COUNTIFS('Action Items & SLA'!A2:A18,"P1",'Action Items & SLA'!I2:I18,"<>Completed")
A14: Pending | B14: =COUNTIF('Action Items & SLA'!J2:J18,A14) | D14: P3 | E14: =COUNTIF('Action Items & SLA'!A2:A18,D14) | F14: =COUNTIFS('Action Items & SLA'!A2:A18,D14,'Action Items & SLA'!I2:I18,"<>Completed") | H14: Next Due | I14: =MINIFS('Action Items & SLA'!F2:F18,'Action Items & SLA'!I2:I18,"<>Completed")
A15: At Risk | B15: =COUNTIF('Action Items & SLA'!J2:J18,A15) | D15: P4 | E15: =COUNTIF('Action Items & SLA'!A2:A18,D15) | F15: =COUNTIFS('Action Items & SLA'!A2:A18,D15,'Action Items & SLA'!I2:I18,"<>Completed") | H15: Overall SLA Health | I15: =IF(B17+B16>0,"CRITICAL",IF(B15>0,"AT RISK","HEALTHY"))
A16: Overdue | B16: =COUNTIF('Action Items & SLA'!J2:J18,A16)
A17: Escalated | B17: =COUNTIF('Action Items & SLA'!J2:J18,A17)
A38: Next Actions Requiring Attention
A39: Priority | B39: Action Item | C39: Owner | D39: SLA Due | E39: Escalation | F39: SLA Status
A40: ='Action Items & SLA'!A2 | B40: ='Action Items & SLA'!B2 | C40: ='Action Items & SLA'!C2 | D40: ='Action Items & SLA'!F2 | E40: ='Action Items & SLA'!H2 | F40: ='Action Items & SLA'!J2
A41: ='Action Items & SLA'!A3 | B41: ='Action Items & SLA'!B3 | C41: ='Action Items & SLA'!C3 | D41: ='Action Items & SLA'!F3 | E41: ='Action Items & SLA'!H3 | F41: ='Action Items & SLA'!J3
A42: ='Action Items & SLA'!A4 | B42: ='Action Items & SLA'!B4 | C42: ='Action Items & SLA'!C4 | D42: ='Action Items & SLA'!F4 | E42: ='Action Items & SLA'!H4 | F42: ='Action Items & SLA'!J4
A43: ='Action Items & SLA'!A5 | B43: ='Action Items & SLA'!B5 | C43: ='Action Items & SLA'!C5 | D43: ='Action Items & SLA'!F5 | E43: ='Action Items & SLA'!H5 | F43: ='Action Items & SLA'!J5
A44: ='Action Items & SLA'!A6 | B44: ='Action Items & SLA'!B6 | C44: ='Action Items & SLA'!C6 | D44: ='Action Items & SLA'!F6 | E44: ='Action Items & SLA'!H6 | F44: ='Action Items & SLA'!J6

Sheet SLA Formula Summary
A1: SLA STATUS FORMULA SUMMARY
A4: SLA Status | B4: Count | C4: % of Total | D4: Definition | E4: Executive Action | F4: Color
A5: Completed | B5: =COUNTIF('Action Items & SLA'!$J$2:$J$18,A5) | C5: =IF($B$12=0,0,B5/$B$12) | D5: งานเสร็จแล้ว | E5: ไม่ต้องดำเนินการเพิ่มเติม | F5: Green
A6: On Track | B6: =COUNTIF('Action Items & SLA'!$J$2:$J$18,A6) | C6: =IF($B$12=0,0,B6/$B$12) | D6: ยังไม่ครบ SLA และเหลือเวลามากกว่า 25% | E6: ติดตามตามแผน | F6: Green
A7: Pending | B7: =COUNTIF('Action Items & SLA'!$J$2:$J$18,A7) | C7: =IF($B$12=0,0,B7/$B$12) | D7: รอเริ่มงาน แต่ยังไม่เกิน SLA | E7: Owner ยืนยันวันเริ่ม | F7: Yellow
A8: At Risk | B8: =COUNTIF('Action Items & SLA'!$J$2:$J$18,A8) | C8: =IF($B$12=0,0,B8/$B$12) | D8: เหลือเวลาไม่เกิน 25% ก่อนครบ SLA | E8: เร่ง Owner และ Producer | F8: Orange
A9: Overdue | B9: =COUNTIF('Action Items & SLA'!$J$2:$J$18,A9) | C9: =IF($B$12=0,0,B9/$B$12) | D9: เกินเวลาครบ SLA แต่ยังไม่ถึงวัน Escalation | E9: แก้ไขทันทีและแจ้ง Producer | F9: Red
A10: Escalated | B10: =COUNTIF('Action Items & SLA'!$J$2:$J$18,A10) | C10: =IF($B$12=0,0,B10/$B$12) | D10: เกินวันและเวลา Escalation | E10: แจ้ง Executive Producer | F10: Dark Red
A12: Total Actions | B12: =SUM(B5:B10) | D12: สูตร SLA Status รายงาน
A13: SLA Compliant | B13: =B5+B6+B7 | D13: Completed overrides all statuses.
A14: SLA Non-Compliant | B14: =B9+B10 | D14: Escalated: NOW() > Escalation Date/Time
A15: SLA Compliance % | B15: =IF(B12=0,0,B13/B12) | D15: Overdue: NOW() > SLA Due Date/Time
A16: Overall SLA Health | B16: =IF(B10>0,"CRITICAL",IF(B9>0,"OVERDUE",IF(B8>0,"AT RISK",IF(B7>0,"PENDING","HEALTHY")))) | D16: At Risk: อยู่ใน 20% สุดท้ายของ SLA
A17: Next SLA Due | B17: =MINIFS('Action Items & SLA'!$F$2:$F$18,'Action Items & SLA'!$I$2:$I$18,"<>Completed") | D17: Pending: Work Status = Pending
A18: Next Escalation | B18: =MINIFS('Action Items & SLA'!$H$2:$H$18,'Action Items & SLA'!$I$2:$I$18,"<>Completed") | D18: On Track: ยังไม่เข้าเงื่อนไขข้างต้น
A21: Owner KPI Summary
A22: Owner | B22: Total | C22: Open | D22: At Risk | E22: Overdue | F22: Escalated | G22: SLA Compliance %
A23: Canon Director | B23: =COUNTIF('Action Items & SLA'!$C$2:$C$18,A23) | C23: =COUNTIFS('Action Items & SLA'!$C$2:$C$18,A23,'Action Items & SLA'!$I$2:$I$18,"<>Completed") | D23: =COUNTIFS('Action Items & SLA'!$C$2:$C$18,A23,'Action Items & SLA'!$J$2:$J$18,"At Risk") | E23: =COUNTIFS('Action Items & SLA'!$C$2:$C$18,A23,'Action Items & SLA'!$J$2:$J$18,"Overdue") | F23: =COUNTIFS('Action Items & SLA'!$C$2:$C$18,A23,'Action Items & SLA'!$J$2:$J$18,"Escalated") | G23: =IF(B23=0,0,(B23-E23-F23)/B23)
A24: Lead Writer | B24: =COUNTIF('Action Items & SLA'!$C$2:$C$18,A24) | C24: =COUNTIFS('Action Items & SLA'!$C$2:$C$18,A24,'Action Items & SLA'!$I$2:$I$18,"<>Completed") | D24: =COUNTIFS('Action Items & SLA'!$C$2:$C$18,A24,'Action Items & SLA'!$J$2:$J$18,"At Risk") | E24: =COUNTIFS('Action Items & SLA'!$C$2:$C$18,A24,'Action Items & SLA'!$J$2:$J$18,"Overdue") | F24: =COUNTIFS('Action Items & SLA'!$C$2:$C$18,A24,'Action Items & SLA'!$J$2:$J$18,"Escalated") | G24: =IF(B24=0,0,(B24-E24-F24)/B24)
A25: Art Director | B25: =COUNTIF('Action Items & SLA'!$C$2:$C$18,A25) | C25: =COUNTIFS('Action Items & SLA'!$C$2:$C$18,A25,'Action Items & SLA'!$I$2:$I$18,"<>Completed") | D25: =COUNTIFS('Action Items & SLA'!$C$2:$C$18,A25,'Action Items & SLA'!$J$2:$J$18,"At Risk") | E25: =COUNTIFS('Action Items & SLA'!$C$2:$C$18,A25,'Action Items & SLA'!$J$2:$J$18,"Overdue") | F25: =COUNTIFS('Action Items & SLA'!$C$2:$C$18,A25,'Action Items & SLA'!$J$2:$J$18,"Escalated") | G25: =IF(B25=0,0,(B25-E25-F25)/B25)
A26: Prompt Lead | B26: =COUNTIF('Action Items & SLA'!$C$2:$C$18,A26) | C26: =COUNTIFS('Action Items & SLA'!$C$2:$C$18,A26,'Action Items & SLA'!$I$2:$I$18,"<>Completed") | D26: =COUNTIFS('Action Items & SLA'!$C$2:$C$18,A26,'Action Items & SLA'!$J$2:$J$18,"At Risk") | E26: =COUNTIFS('Action Items & SLA'!$C$2:$C$18,A26,'Action Items & SLA'!$J$2:$J$18,"Overdue") | F26: =COUNTIFS('Action Items & SLA'!$C$2:$C$18,A26,'Action Items & SLA'!$J$2:$J$18,"Escalated") | G26: =IF(B26=0,0,(B26-E26-F26)/B26)
A27: Animation Lead | B27: =COUNTIF('Action Items & SLA'!$C$2:$C$18,A27) | C27: =COUNTIFS('Action Items & SLA'!$C$2:$C$18,A27,'Action Items & SLA'!$I$2:$I$18,"<>Completed") | D27: =COUNTIFS('Action Items & SLA'!$C$2:$C$18,A27,'Action Items & SLA'!$J$2:$J$18,"At Risk") | E27: =COUNTIFS('Action Items & SLA'!$C$2:$C$18,A27,'Action Items & SLA'!$J$2:$J$18,"Overdue") | F27: =COUNTIFS('Action Items & SLA'!$C$2:$C$18,A27,'Action Items & SLA'!$J$2:$J$18,"Escalated") | G27: =IF(B27=0,0,(B27-E27-F27)/B27)
A28: Producer | B28: =COUNTIF('Action Items & SLA'!$C$2:$C$18,A28) | C28: =COUNTIFS('Action Items & SLA'!$C$2:$C$18,A28,'Action Items & SLA'!$I$2:$I$18,"<>Completed") | D28: =COUNTIFS('Action Items & SLA'!$C$2:$C$18,A28,'Action Items & SLA'!$J$2:$J$18,"At Risk") | E28: =COUNTIFS('Action Items & SLA'!$C$2:$C$18,A28,'Action Items & SLA'!$J$2:$J$18,"Overdue") | F28: =COUNTIFS('Action Items & SLA'!$C$2:$C$18,A28,'Action Items & SLA'!$J$2:$J$18,"Escalated") | G28: =IF(B28=0,0,(B28-E28-F28)/B28)
A29: Art Team | B29: =COUNTIF('Action Items & SLA'!$C$2:$C$18,A29) | C29: =COUNTIFS('Action Items & SLA'!$C$2:$C$18,A29,'Action Items & SLA'!$I$2:$I$18,"<>Completed") | D29: =COUNTIFS('Action Items & SLA'!$C$2:$C$18,A29,'Action Items & SLA'!$J$2:$J$18,"At Risk") | E29: =COUNTIFS('Action Items & SLA'!$C$2:$C$18,A29,'Action Items & SLA'!$J$2:$J$18,"Overdue") | F29: =COUNTIFS('Action Items & SLA'!$C$2:$C$18,A29,'Action Items & SLA'!$J$2:$J$18,"Escalated") | G29: =IF(B29=0,0,(B29-E29-F29)/B29)
A30: Art QA | B30: =COUNTIF('Action Items & SLA'!$C$2:$C$18,A30) | C30: =COUNTIFS('Action Items & SLA'!$C$2:$C$18,A30,'Action Items & SLA'!$I$2:$I$18,"<>Completed") | D30: =COUNTIFS('Action Items & SLA'!$C$2:$C$18,A30,'Action Items & SLA'!$J$2:$J$18,"At Risk") | E30: =COUNTIFS('Action Items & SLA'!$C$2:$C$18,A30,'Action Items & SLA'!$J$2:$J$18,"Overdue") | F30: =COUNTIFS('Action Items & SLA'!$C$2:$C$18,A30,'Action Items & SLA'!$J$2:$J$18,"Escalated") | G30: =IF(B30=0,0,(B30-E30-F30)/B30)
A31: Canon Team | B31: =COUNTIF('Action Items & SLA'!$C$2:$C$18,A31) | C31: =COUNTIFS('Action Items & SLA'!$C$2:$C$18,A31,'Action Items & SLA'!$I$2:$I$18,"<>Completed") | D31: =COUNTIFS('Action Items & SLA'!$C$2:$C$18,A31,'Action Items & SLA'!$J$2:$J$18,"At Risk") | E31: =COUNTIFS('Action Items & SLA'!$C$2:$C$18,A31,'Action Items & SLA'!$J$2:$J$18,"Overdue") | F31: =COUNTIFS('Action Items & SLA'!$C$2:$C$18,A31,'Action Items & SLA'!$J$2:$J$18,"Escalated") | G31: =IF(B31=0,0,(B31-E31-F31)/B31)
A32: Editor Lead | B32: =COUNTIF('Action Items & SLA'!$C$2:$C$18,A32) | C32: =COUNTIFS('Action Items & SLA'!$C$2:$C$18,A32,'Action Items & SLA'!$I$2:$I$18,"<>Completed") | D32: =COUNTIFS('Action Items & SLA'!$C$2:$C$18,A32,'Action Items & SLA'!$J$2:$J$18,"At Risk") | E32: =COUNTIFS('Action Items & SLA'!$C$2:$C$18,A32,'Action Items & SLA'!$J$2:$J$18,"Overdue") | F32: =COUNTIFS('Action Items & SLA'!$C$2:$C$18,A32,'Action Items & SLA'!$J$2:$J$18,"Escalated") | G32: =IF(B32=0,0,(B32-E32-F32)/B32)
A33: Audio Lead | B33: =COUNTIF('Action Items & SLA'!$C$2:$C$18,A33) | C33: =COUNTIFS('Action Items & SLA'!$C$2:$C$18,A33,'Action Items & SLA'!$I$2:$I$18,"<>Completed") | D33: =COUNTIFS('Action Items & SLA'!$C$2:$C$18,A33,'Action Items & SLA'!$J$2:$J$18,"At Risk") | E33: =COUNTIFS('Action Items & SLA'!$C$2:$C$18,A33,'Action Items & SLA'!$J$2:$J$18,"Overdue") | F33: =COUNTIFS('Action Items & SLA'!$C$2:$C$18,A33,'Action Items & SLA'!$J$2:$J$18,"Escalated") | G33: =IF(B33=0,0,(B33-E33-F33)/B33)
A34: Marketing Lead | B34: =COUNTIF('Action Items & SLA'!$C$2:$C$18,A34) | C34: =COUNTIFS('Action Items & SLA'!$C$2:$C$18,A34,'Action Items & SLA'!$I$2:$I$18,"<>Completed") | D34: =COUNTIFS('Action Items & SLA'!$C$2:$C$18,A34,'Action Items & SLA'!$J$2:$J$18,"At Risk") | E34: =COUNTIFS('Action Items & SLA'!$C$2:$C$18,A34,'Action Items & SLA'!$J$2:$J$18,"Overdue") | F34: =COUNTIFS('Action Items & SLA'!$C$2:$C$18,A34,'Action Items & SLA'!$J$2:$J$18,"Escalated") | G34: =IF(B34=0,0,(B34-E34-F34)/B34)
... A36: Executive Producer | B36: =COUNTIF('Action Items & SLA'!$C$2:$C$18,A36) | C36: =COUNTIFS('Action Items & SLA'!$C$2:$C$18,A36,'Action Items & SLA'!$I$2:$I$18,"<>Completed") | D36: =COUNTIFS('Action Items & SLA'!$C$2:$C$18,A36,'Action Items & SLA'!$J$2:$J$18,"At Risk") | E36: =COUNTIFS('Action Items & SLA'!$C$2:$C$18,A36,'Action Items & SLA'!$J$2:$J$18,"Overdue") | F36: =COUNTIFS('Action Items & SLA'!$C$2:$C$18,A36,'Action Items & SLA'!$J$2:$J$18,"Escalated") | G36: =IF(B36=0,0,(B36-E36-F36)/B36)

Sheet Executive QC Summary
A1: EP01 Executive QC Summary
A4: Episode | B4: EP01 | D4: Canon Health | E4: MASTER CANON
A5: ชื่อ | B5: นักสืบกับความกล้าที่อยู่ปลายเชือก | D5: CCI | E5: 96
A6: Runtime Target | B6: 8:20 | D6: Risk | E6: LOW
A7: Scenes | B7: 11
A8: Frames | B8: 39
A9: Production Status | B9: UNLOCKED
A12: หมวด | B12: คะแนน | D12: Department | E12: Status
A13: Timeline | B13: 19 | D13: Writing | E13: Ready
A14: Character | B14: 20 | D14: Storyboard | E14: Ready
A15: Location | B15: 19 | D15: Prompt Team | E15: Ready
A16: Mystery | B16: 19 | D16: Art Team | E16: Ready
A17: Arc Progression | B17: 19 | D17: Animation | E17: Ready
A18: CCI Total | B18: =SUM(B13:B17) | D18: Editing | E18: Ready
D19: QC | E19: Ready

Sheet Canon QC Checklist
A1: Category | B1: Check Item | C1: Status | D1: Owner | E1: Note
A2: Story | B2: Route อายุ 15 ปีตลอดตอน | C2: PASS
A3: Story | B3: ไม่มีการเปิดเผยโรงเรียน Shared Memory หรือห้องแล็บ | C3: PASS
A4: Character | B4: หมวก เป้ และเชือกของ Route ต่อเนื่อง | C4: PASS
A5: Character | B5: Rabbit B มีผ้าพันคอเขียวหม่นและแผลหูขวา | C5: PASS
A6: Location | B6: ประตูรั้วอยู่หลังป้อมยาม | C6: PASS
A7: Knowledge | B7: Route ยังไม่รู้ชื่อ Rabbit B | C7: PASS
A8: Clue | B8: เบาะแสทั้ง 7 จุดปรากฏครบ | C8: PASS
A9: Audio | B9: BGM ไม่กลบบทพูด | C9: PASS
A10: Editing | B10: ลำดับช็อต F1-F39 ครบ | C10: PASS
A11: Delivery | B11: ความยาวรวมใกล้เป้า 8:20 | C11: PASS

Sheet Action Items & SLA
A1: Priority | B1: Action Item | C1: Owner | D1: Start Date/Time | E1: SLA (Hours) | F1: SLA Due Date/Time | G1: Operational Due Date | H1: Escalation Date/Time | I1: Work Status | J1: SLA Status | K1: Notes
A2: P1 | B2: Canon Package Approval | C2: Canon Director | D2: 46294.771 | E2: 24 | F2: =D2+E2/24 | G2: =F2 | H2: =F2+IF(A2="P1",12/24,IF(A2="P2",24/24,IF(A2="P3",24/24,6/24))) | I2: Pending | J2: =IF(I2="Completed","Completed",IF(NOW()>H2,"Escalated",IF(NOW()>F2,"Overdue",IF(NOW()>=F2-(E2/24)*20%,"At Risk",IF(I2="Pending","Pending","On Track")))))
A3: P1 | B3: Script & Shot Breakdown Lock | C3: Lead Writer | D3: 46294.771 | E3: 24 | F3: =D3+E3/24 | G3: =F3 | H3: =F3+IF(A3="P1",12/24,IF(A3="P2",24/24,IF(A3="P3",24/24,6/24))) | I3: Pending | J3: =IF(I3="Completed","Completed",IF(NOW()>H3,"Escalated",IF(NOW()>F3,"Overdue",IF(NOW()>=F3-(E3/24)*20%,"At Risk",IF(I3="Pending","Pending","On Track")))))
A4: P1 | B4: Character Canon Approval | C4: Art Director | D4: 46295.771 | E4: 48 | F4: =D4+E4/24 | G4: =F4 | H4: =F4+IF(A4="P1",12/24,IF(A4="P2",24/24,IF(A4="P3",24/24,6/24))) | I4: Pending | J4: =IF(I4="Completed","Completed",IF(NOW()>H4,"Escalated",IF(NOW()>F4,"Overdue",IF(NOW()>=F4-(E4/24)*20%,"At Risk",IF(I4="Pending","Pending","On Track")))))
A5: P1 | B5: Image Prompt Approval | C5: Prompt Lead | D5: 46295.771 | E5: 48 | F5: =D5+E5/24 | G5: =F5 | H5: =F5+IF(A5="P1",12/24,IF(A5="P2",24/24,IF(A5="P3",24/24,6/24))) | I5: Pending | J5: =IF(I5="Completed","Completed",IF(NOW()>H5,"Escalated",IF(NOW()>F5,"Overdue",IF(NOW()>=F5-(E5/24)*20%,"At Risk",IF(I5="Pending","Pending","On Track")))))
A6: P1 | B6: Motion Prompt Approval | C6: Animation Lead | D6: 46295.771 | E6: 72 | F6: =D6+E6/24 | G6: =F6 | H6: =F6+IF(A6="P1",12/24,IF(A6="P2",24/24,IF(A6="P3",24/24,6/24))) | I6: Pending | J6: =IF(I6="Completed","Completed",IF(NOW()>H6,"Escalated",IF(NOW()>F6,"Overdue",IF(NOW()>=F6-(E6/24)*20%,"At Risk",IF(I6="Pending","Pending","On Track")))))
A7: P2 | B7: Asset Tracking Sheet | C7: Producer | D7: 46296.771 | E7: 24 | F7: =D7+E7/24 | G7: =F7 | H7: =F7+IF(A7="P1",12/24,IF(A7="P2",24/24,IF(A7="P3",24/24,6/24))) | I7: Not Started | J7: =IF(I7="Completed","Completed",IF(NOW()>H7,"Escalated",IF(NOW()>F7,"Overdue",IF(NOW()>=F7-(E7/24)*20%,"At Risk",IF(I7="Pending","Pending","On Track")))))
A8: P2 | B8: Key Asset Generation | C8: Art Team | D8: 46297.771 | E8: 48 | F8: =D8+E8/24 | G8: =F8 | H8: =F8+IF(A8="P1",12/24,IF(A8="P2",24/24,IF(A8="P3",24/24,6/24))) | I8: Not Started | J8: =IF(I8="Completed","Completed",IF(NOW()>H8,"Escalated",IF(NOW()>F8,"Overdue",IF(NOW()>=F8-(E8/24)*20%,"At Risk",IF(I8="Pending","Pending","On Track")))))
A9: P2 | B9: Character Consistency Review | C9: Art QA | D9: 46299.771 | E9: 24 | F9: =D9+E9/24 | G9: =F9 | H9: =F9+IF(A9="P1",12/24,IF(A9="P2",24/24,IF(A9="P3",24/24,6/24))) | I9: Not Started | J9: =IF(I9="Completed","Completed",IF(NOW()>H9,"Escalated",IF(NOW()>F9,"Overdue",IF(NOW()>=F9-(E9/24)*20%,"At Risk",IF(I9="Pending","Pending","On Track")))))
A10: P2 | B10: Canon Consistency Review | C10: Canon Team | D10: 46299.771 | E10: 24 | F10: =D10+E10/24 | G10: =F10 | H10: =F10+IF(A10="P1",12/24,IF(A10="P2",24/24,IF(A10="P3",24/24,6/24))) | I10: Not Started | J10: =IF(I10="Completed","Completed",IF(NOW()>H10,"Escalated",IF(NOW()>F10,"Overdue",IF(NOW()>=F10-(E10/24)*20%,"At Risk",IF(I10="Pending","Pending","On Track")))))
A11: P3 | B11: Subtitle Master | C11: Editor Lead | D11: 46301.771 | E11: 24 | F11: =D11+E11/24 | G11: =F11 | H11: =F11+IF(A11="P1",12/24,IF(A11="P2",24/24,IF(A11="P3",24/24,6/24))) | I11: Not Started | J11: =IF(I11="Completed","Completed",IF(NOW()>H11,"Escalated",IF(NOW()>F11,"Overdue",IF(NOW()>=F11-(E11/24)*20%,"At Risk",IF(I11="Pending","Pending","On Track")))))
A12: P3 | B12: Audio Cue Sheet | C12: Audio Lead | D12: 46301.771 | E12: 24 | F12: =D12+E12/24 | G12: =F12 | H12: =F12+IF(A12="P1",12/24,IF(A12="P2",24/24,IF(A12="P3",24/24,6/24))) | I12: Not Started | J12: =IF(I12="Completed","Completed",IF(NOW()>H12,"Escalated",IF(NOW()>F12,"Overdue",IF(NOW()>=F12-(E12/24)*20%,"At Risk",IF(I12="Pending","Pending","On Track")))))
A13: P3 | B13: Music Cue Sheet | C13: Audio Lead | D13: 46301.771 | E13: 24 | F13: =D13+E13/24 | G13: =F13 | H13: =F13+IF(A13="P1",12/24,IF(A13="P2",24/24,IF(A13="P3",24/24,6/24))) | I13: Not Started | J13: =IF(I13="Completed","Completed",IF(NOW()>H13,"Escalated",IF(NOW()>F13,"Overdue",IF(NOW()>=F13-(E13/24)*20%,"At Risk",IF(I13="Pending","Pending","On Track")))))
... A18: P4 | B18: Executive Release Approval | C18: Executive Producer | D18: 46305.771 | E18: 12 | F18: =D18+E18/24 | G18: =F18 | H18: =F18+IF(A18="P1",12/24,IF(A18="P2",24/24,IF(A18="P3",24/24,6/24))) | I18: Not Started | J18: =IF(I18="Completed","Completed",IF(NOW()>H18,"Escalated",IF(NOW()>F18,"Overdue",IF(NOW()>=F18-(E18/24)*20%,"At Risk",IF(I18="Pending","Pending","On Track")))))

Sheet RACI Matrix
A1: Activity | B1: Executive Producer | C1: Producer | D1: Canon Director | E1: Lead Writer | F1: Art Director | G1: Prompt Lead | H1: Animation Lead | I1: Editor Lead | J1: Audio Lead | K1: QC Lead | L1: Marketing Lead
A2: Canon Package Approval | B2: A | C2: I | D2: R | E2: C | K2: C
A3: Script & Shot Lock | C3: A | D3: C | E3: R | H3: I | I3: C
A4: Character Canon Approval | C4: A | D4: C | E4: C | F4: R | K4: I
A5: Image Prompt Review | C5: A | D5: C | E5: C | F5: C | G5: R
A6: Motion Prompt Review | C6: A | D6: I | G6: C | H6: R | I6: C
A7: Asset Production | C7: A | F7: R | G7: R | H7: C | K7: C
A8: Animation Production | C8: A | F8: C | H8: R | I8: C | K8: C
A9: Editing Master | C9: A | H9: C | I9: R | J9: C | K9: C
A10: Audio Mix | C10: A | I10: C | J10: R | K10: C
A11: Canon Final Audit | C11: I | D11: A | E11: C | I11: C | K11: R
A12: YouTube Metadata | C12: A | E12: C | I12: I | L12: R
A13: Release Approval | B13: A | C13: R | D13: C | I13: C | K13: C | L13: I
A16: Legend
A17: R = Responsible | A = Accountable | C = Consulted | I = Informed
